article_id,infraction_desc,amende_fixe,amende_min,amende_max,points_retrait,emprisonnement,categorie_vehicule,categorie_permis,chapitre,role_paragraphe,type_infraction,niveau_gravite,localisation,suspension_permis,concerne_pieton,recidive,mots_cles
1,"ال يجوز الي شخص ان يسوق مركبه ذات محرك او مجموعه مركبات علي الطريق العموميه 
ما لم يكن حاصال علي رخصه للسياقه ساريه الصالحيه ومسلمه من قبل االداره  تناسب صنف 
المركبه او مجموعه المركبات التي يسوقها",,,,,,,,,definition,non_classifié,non_défini,route_nationale,non,non,non,
2,"استثناء من احكام الماده االولي اعاله :
 - يجوز للمغاربه القاطنين بالخارج ان يسوقوا  داخل التراب الوطني  خالل مده اقصاها 1
 سنه واحده ابتداء من اقامتهم باملغرب  بواسطه رخصه السياقه املسلمه لهم بالخارج ساريه
الصالحيه   
 - يجوز للسايقين من جنسيه اجنبيه  ان يسوقوا بواسطه رخصه السياقه املسلمه لهم بالخار",,,,,,,,,obligation,"dépassement, défaut_de_permis",non_défini,,non,non,non,"depassement, permis"
5,من 13  بتاريخ 1,,,,,,"moto, quad, vehicule_agricole, vehicule_forestier","B, A, D, AM, C, A1",الباب الثاني,definition,"dépassement, défaut_de_permis, conduite_en_état_d_ivresse",non_défini,route_nationale,non,non,non,"alcool, depassement, permis"
8,من 13  بتاريخ 1,,,,,,moto,"B, A, D, AM, C, A1",,definition,défaut_de_permis,non_défini,,non,non,non,permis
9,"يجب االدالء برخصه السياقه او بالوثيقه التي تحل محلها الي االعوان املكلفين بمراقبه تطبيق 
احكام هذا القانون والنصوص الصادره لتطبيقه  كلما طلبوا ذلك",,,,,,,,الباب الثالث,obligation,défaut_de_permis,non_défini,,non,non,non,permis
10,من 13  بتاريخ 1,,,,,,,AM,,definition,défaut_de_permis,non_défini,route_nationale,non,non,non,permis
11,من 13  بتاريخ 1,,,,,,,"B, A, D, AM, C, A1",,definition,défaut_de_permis,non_défini,,non,non,non,permis
12,"يخضع وجوبا كل مترشح الختبارات امتحان الحصول علي رخصه السياقه لفحص طبي مسبق  
الغايه منه التاكد من ان قدراته البدنيه والعقليه تمكنه من سياقه مركبه علي الطريق العموميه دون 
خطر وخاصه التاكد من انه غير مصاب باحد االمراض التي تمنع السياقه واملحدده قايمتها من قبل 
االداره بعد استشاره املجلس الوطني لهييه ",,,,,,,,,definition,défaut_de_permis,non_défini,route_nationale,non,non,non,permis
13,"اذا كان املترشح الختبارات امتحان الحصول علي رخصه السياقه مصابا بعجز بدني ال يتنافي مع 
سياقه المركبات ذات محرك  امكن تعويض هذا العجز بتهييه خاصه للمركبه او بواسطه حمل 
وباستعمال اجهزه طبيه او هما معا  من قبل السايق تبعا لتعليمات الطبيب الذي اجري الفحص الطبي",,,,,,,,,obligation,défaut_de_permis,non_défini,,non,non,non,permis
14,بتاريخ 1,,,,,,,"C, D, B",,obligation,"dépassement, défaut_de_permis",non_défini,,non,non,non,"depassement, permis"
15,"اعاله: 14 و12 عالوه علي الفحوص الطبيه املنصوص عليها في املادتين
 - يخضع لفحص طبي كل شخص حاصل علي رخصه سياقه اصيب بمرض او بعجز منصوص 1
 عليه في قايمه تضعها االداره  بعد استشاره املجلس الوطني لهييه االطباء الوطنيه  وذلك داخل اجل
ثالثين يوما املواليه لالصابه باملرض او العجز  
 - يخضع لفحص طبي  بامر من ",,,,,,,,,obligation,non_classifié,non_défini,,non,non,non,
16,"تجري الفحوص الطبيه االجباريه املفروضه بموجب هذا القانون من قبل اطباء من القطاع العام 
 بعده",,,,,,,,,definition,défaut_de_permis,non_défini,route_nationale,oui,non,non,permis
20,"اذا نازع صاحب رخصه السياقه او االداره في استنتاجات اللجنه الطبيه لالستيناف  يخضع املعني 
باالمر  بطلب منه او بطلب من االداره  لفحص طبي مضاد يجريه طبيب خبير يعين بامر من رييس 
املحكمه االبتداييه التابع لدايره نفوذها املكان الذي يقيم فيه صاحب الرخصه",,,,,,,,,definition,défaut_de_permis,non_défini,,non,non,non,permis
21,"19 و16 تعتمد االداره االطباء واالطباء اعضاء اللجنه الطبيه لالستيناف املشار اليهم في املادتين
اعاله  املوهلين لتسليم الشهادات الطبيه املنصوص عليها في هذا الفرع  اذا اثبتوا توفرهم علي معارف 
علميه وتجهيزات خاصه وماليمه تحدد االداره اليحتها بعد استطالع راي املجلس الوطني لهييه االطباء 
الوطنيه وتنشر هذه",,,,,,,,الباب الرابع,definition,défaut_de_permis,non_défini,,non,non,non,permis
22,يخصص رصيد من النقط لرخصه السياقه,,,,,,,"A, B",,sanction,défaut_de_permis,non_défini,,non,non,non,permis
25,من 13  بتاريخ 1,,,,,,,,,definition,non_classifié,non_défini,,non,non,non,
26,"يجب علي صاحب رخصه السياقه  الذي فقد خالل الفتره االختباريه اكثر من ثلثي النقط املخصصه 
للرخصه املذكوره  ان يخضع لدوره  في التربيه علي السالمه الطرقيه تحدد كيفياتها من قبل االداره",,,,,,,,,obligation,défaut_de_permis,non_défini,,non,non,non,permis
27,من 13  بتاريخ 1,,,,,,,,,sanction,défaut_de_permis,non_défini,,non,non,non,permis
28,"يثبت ارتكاب مخالفه موديه الي خصم عدد من النقط من رصيد رخصه السياقه  باداء غرامه 
ضي به",,,,,,,,,sanction,défaut_de_permis,non_défini,,non,non,non,permis
29,يحدد عدد النقط الواجب خصمها تبعا لجسامه املخالفه املرتكبه,,,,,,,,,sanction,défaut_de_permis,non_défini,,non,non,non,permis
33,") نقط وذلك 4( يجوز لصاحب رخصه السياقه  قبل انصرام الفتره االختباريه  ان يسترجع اربع
ضي املخصص لرخصته  اذا خضع لدوره في التربيه علي السالمه الطرقيه",,,,,,,,,sanction,"dépassement, défaut_de_permis",non_défini,,non,non,non,"depassement, permis"
35,"اذا لم يرتكب صاحب رخصه السياقه مخالفه جديده معاقبا عليها بخصم النقط  داخل اجل 
ضي به او من �ضيء املق�) سنوات من التاريخ الذي حاز فيه اخر مقرر قضايي باالدانه قوه ال 3( ثالث
ضي من النقط �تاريخ اداء اخر غرامه تصالحيه وجزافيه  خصص لرخصته من جديد  الرصيد االق
 اعاله",,,,,,,,الباب الخامس,sanction,"dépassement, défaut_de_permis",non_défini,,non,non,non,"depassement, permis"
36,"يمكن ان تحرر رخصه السياقه في حامل يكون قابال الن تسجل عليه في شكل الكتروني املعلومات 
التي تحتوي عليها الرخصه",,,,,,,,,obligation,défaut_de_permis,non_défini,,non,non,non,permis
39,"يجب علي اصحاب رخصه السياقه ان يقوموا بتغيير الحامل املحرره فيه  اذا قررت االداره ذلك 
التغيير  خاصه اعتبارا للتطور التكنولوجي",,,,,,,D,الباب السادس,obligation,"dépassement, défaut_de_permis",non_défini,,oui,non,non,"depassement, permis"
41,"يجب علي كل حاصل علي بطاقه سايق منهي ان يتابع  كل خمس سنوات  الجل تجديد هذه البطاقه  
تكوينا مستمرا خالل السنه االخيره من هذه الفتره",,,,,,,,,obligation,non_classifié,non_défini,,non,non,non,
42,"اعاله علي : 41 و40 يجب ان ينصب التكوين التاهيلي والتكوين املستمر املشار اليهما في املادتين
- االستعمال الرشيد للمركبه حسب خصايصها التقنيه  
- اتخاذ موقف مناسب في حاالت االستعجال لتوقع الخطر واحترام املستعملين االخرين للطريق 
العموميه  
- استعمال اجهزه املراقبه والسالمه  
- تطبيق قواعد السالمه ومالءم",,,,,,,,,obligation,non_classifié,non_défini,,non,non,non,
43,"يلقن التكوين التاهيلي االولي والتكوين املستمر  املشار اليهما في هذا الباب  بموسسات تعتمدها 
االداره لهذا الغرض",,,,,,"quad, vehicule_leger",,الباب  بموسسات,definition,dépassement,non_défini,route_nationale,non,non,non,depassement
45,"يجب صنع المركبات او مجموعه المركبات وتسويقها واستغاللها واستعمالها وصيانتها وعند 
االقتضاء  اصالحها  علي نحو يومن سالمه مستعملي الطريق العموميه ويقلل من استهالك الطاقه 
ومن احداث نفايات غير قابله العاده استعمالها ومن انبعاث مواد ملوثه",,,,,,,,,obligation,non_classifié,non_défini,route_nationale,non,non,non,
46,"يجب ان تومن قواعد صنع وتجهيز المركبات وتهييتها  حسب االستعمال املخصصه له  والتي 
تضعها االداره  ضمانات صالبه وسالمه كافيه تمكن السايق من التحكم في مركبته ومن التقليص 
قدر االمكان من اخطار الحوادث والعواقب الناجمه عنها  سواء بالنسبه لركاب المركبه او بالنسبه 
للمستعملين االخرين للطريق العموميه",,,,,,,,,obligation,excès_de_vitesse,non_défini,route_nationale,non,non,non,vitesse
48,يجب ان تجهز كل مركبه وكل مقطوره باجهزه السالمه ولوازمها,,,,,,,,,obligation,dépassement,non_défini,route_nationale,non,non,non,depassement
50,"يمنع استخدام واستغالل كل مركبه علي الطريق العموميه ال تكون خصايصها التقنيه مطابقه 
 اعاله الي حين مطابقتها لتلك القواعد",,,,,,,,,definition,dépassement,non_défini,route_nationale,non,non,non,depassement
51,"تخضع كل مركبه ادخلت عليها  بعد املصادقه عليها  احدي التغييرات املحدده من قبل االداره الي 
مصادقه جديده",,,,,,,,,definition,non_classifié,non_défini,,non,non,non,
52,"يمكن لالعوان او للهييات املوهلين قانونا من قبل االداره  القيام باخذ عينات من المركبات او 
من عناصر او اجهزه المركبات التي سبقت املصادقه عليها  كما هو منصوص عليه في هذا القانون 
والنصوص الصادره لتطبيقه  لدي الصانعين او املستوردين او وكالء شركات المركبات وذلك الجل 
مراقبه مطابقتها لسند املصادقه",,,,,,,,,obligation,non_classifié,non_défini,,non,non,non,
53,"يجب علي كل مالك سياره او دراجه ناريه او دراجه ثالثيه العجالت بمحرك او دراجه رباعيه 
العجالت ثقيله بمحرك  ان يقوم بتسجيلها قبل الشروع في استخدامها الول مره",,,,,,"moto, quad, vehicule_leger",,,obligation,dépassement,non_défini,,non,non,non,depassement
55,"تخضع ايضا للتسجيل  اذا كانت تسير علي الطريق العموميه  المركبات الفالحيه ذات محرك 
والمركبات الغابويه ذات محرك واريبات االشغال العموميه",,,,,,,,,definition,dépassement,non_défini,route_nationale,non,non,non,depassement
56,لتسجيل خاص تحدده االداره,,,,,,,,,obligation,non_classifié,non_défini,,non,non,non,
60,"اعاله ايضا علي كل شخص يصبح مالكا ملركبه خاضعه للتسجيل  علي اثر ارث 59 تطبق احكام الماده
او هبه او قسمه او تصفيه قضاييه او ممارسه حق استرداد او تخلي عن ملكيه او بيع قضايي او بيع 
باملزاد العلني",,,,,,,,,definition,non_classifié,non_défini,,non,non,non,
61,"يجب ان تكون كل مركبه مسجله مزوده بصفايح تسجيل تحدد االداره خصايصها وشروط تثبيتها 
علي المركبه",,,,,,,,,obligation,non_classifié,non_défini,,non,non,non,
62,"يتم سحب كل مركبه خاضعه للتسجيل من السير بصفه نهاييه بعد االدالء بتصريح بذلك وفق 
املسطره وداخل االجل املحددين من لدن االداره",,,,,,,,,definition,non_classifié,non_défini,,non,non,non,
63,"يجب ان تكون شهاده التسجيل او الوثيقه التي تحل محلها موجوده علي متن المركبه اثناء سيرها 
علي الطريق العموميه",,,,,,,,الباب الثاني,obligation,non_classifié,non_défini,route_nationale,non,non,non,
64,"ال تقبل الدراجات والدراجات ثالثيه العجالت والدراجات رباعيه العجالت للسير علي الطريق 
العموميه اال اذا كان مصادقا عليها من قبل االداره  بعد مراقبه خصايصها التقنيه وال سيما منها :
- البنيه  
- اطار العجالت  
- اجهزه التحريك والتوجيه واالناره والتشوير واالنذار والحصر  
- الصفايح والتقييد",,,,,,quad,,الباب الثالث,obligation,non_classifié,non_défini,route_nationale,non,non,non,
66,من شوال 13  بتاريخ 1,,,,,,,,,definition,non_classifié,non_défini,,non,non,non,
67,"املراقبه التقنيه هي العمليه التي تهدف الي التحقق من ان المركبه الخاضعه لهذه املراقبه مطابقه 
لتشخيصها املحدد بموجب هذا القانون والنصوص الصادره لتطبيقه  وانها في حاله جيده للسير 
وال يشوبها اي عيب او خلل  او تاكل ميكانيكي غير عادي وان اجهزه سالمتها تشتغل بصفه عاديه وانها 
مزوده باللوازم الضروريه وتست",,,,,,,,,obligation,non_classifié,non_défini,,non,non,non,
68,يترتب علي اجراء كل نوع من انواع املراقبه التقنيه تسليم وثيقه تثبت هذه املراقبه,,,,,,,,,obligation,non_classifié,non_défini,route_nationale,non,non,non,
69,"يمكن ان تامر االداره باجراء فحوص تقنيه مضاده ملركبه  سبق ان كانت موضوع مراقبه تقنيه  
بناء علي طلب من هييات االفتحاص واملراقبه املوهله لهذا الغرض من قبل االداره او بناء علي طلب 
من االعوان محرري املحاضر او استنادا الي تقارير تحررها الهييات او االعوان املذكورون",,,,,,,,الباب الرابع,definition,non_classifié,non_défini,,non,non,non,
70,"تعتبر مصابه باضرار خطيره كل مركبه خاضعه للتسجيل تعرضت  علي اثر حادثه  العوجاج دايم 
اضر ببنيتها الحامله او ببنيه تجميعها كما حددتها الهندسه االصليه للمركبه املقرره من قبل صانع السياره",,,,,,vehicule_leger,,,definition,non_classifié,non_défini,,non,non,non,
71,"اذا لم تعد المركبه صالحه للسير او اصبحت تشكل خطرا علي السالمه الطرقيه  بسبب خطوره 
 102 االضرار الالحقه بها علي اثر حادثه  وجب توقيفها وفق الشروط املنصوص عليها في املادتين
 ادناه",,,,,,,,,definition,non_classifié,non_défini,,non,non,non,
72,"يجب علي مالك المركبه او سايقها او حايزها اخبار االداره في الحال باصابه مركبه باضرار خطيره  
اذا لم يبلغ ذلك الي علم املصالح املكلفه بمعاينه الحوادث",,,,,,,,,obligation,non_classifié,non_défini,,non,non,non,
73,"يتوقف كل استخدام جديد ملركبه خاضعه للتسجيل اصيبت باضرار خطيره  علي ما يلي:
 - االدالء بتقرير خبره يثبت ان االصالحات التي تم القيام بها ال تخل بسالمه مستعملي الطريق العموميه   1",,,,,,,,,definition,stationnement,non_défini,route_nationale,non,non,non,stationnement
74,"يجب علي مالك كل مركبه خاضعه للتسجيل اصبحت غير قابله لالصالح تقنيا علي اثر حادثه  ان 
يخبر االداره فورا بذلك",,,,,,,,,obligation,non_classifié,non_défini,,non,non,non,
75,"اذا اعطي مالك مركبه خاضعه للتسجيل موافقته للمومن قصد تفويت مركبته املصرح بعدم 
صالحيتها اقتصاديا  نظرا لقيمتها التجاريه التي تقل عن التكلفه املقدره لالصالحات الناتجه عن 
حادثه  يوجه املومن الي االداره  داخل اجل شهر من تاريخ االتفاق املبرم مع املالك  شهاده تسجيل 
المركبه مرفقه بنسخه من تقرير الخبره ا",,,,,,,,,obligation,non_classifié,non_défini,,non,non,non,
76,"اعاله تفويت المركبه قصد اصالحها  ان يوجه داخل 75 يجب علي املشتري  اذا تم تطبيقا للماده
) يوما  تصريحا بالشراء الي االداره التي تسلمه وصال بذلك",,,,,,,,,obligation,non_classifié,non_défini,,non,non,non,
77,"اعاله  ان تخضع المركبه املصرح بعدم 75  من الماده 2 يجب في الحاالت املشار اليها في الفقره
صالحيتها اقتصاديا من قبل الخبراء الذين انتدبهم املومنون علي اثر حادثه  الي مراقبه تقنيه قبل اي 
استخدام جديد لها",,,,,,,,,obligation,non_classifié,non_défini,,non,non,non,
78,"اعاله  خبير في السيارات  يتوفر 75 و74 و73 و71 يقوم باعداد تقارير الخبره املذكوره في املواد
علي اهليه لتسليم الشهادات التي تثبت ان المركبات غير قابله لالصالح او مصابه باضرار خطيره  
ومتوفر علي تكوين اولي وتكوين مستمر في مراقبه المركبات غير القابله لالصالح او املصابه باضرار 
خطيره  يتم تلقينهما وفق ال",,,,,,,,,definition,non_classifié,non_défini,,non,non,non,
79,اعاله,,,,,,,,الباب الخامس,definition,non_classifié,non_défini,,non,non,non,
80,"بعده  ان 81 يجوز ملالك كل مركبه خاضعه للتسجيل  يتوفر فيها احد الشروط املشار اليها في الماده
يطلب ادراج مركبته في عداد التحف",,,,,,,,,obligation,non_classifié,non_défini,,non,non,non,
81,"يمكن ان تدرج في عداد التحف :
 - كل مركبه ذات محرك  مهما كان عمرها  يتوفر فيها احد الشروط التاليه : 1
ا ) ان يكون لها طابع تاريخي   
ب ) ان تكون مملوكه او كانت في ملك شخصيه تتمتع بشهره وطنيه او عامليه   
ج ) ان تكون قد شاركت في حدث تاريخي وطني او دولي",,,,,,moto,,,definition,"dépassement, stationnement, défaut_assurance",non_défini,,non,non,non,"stationnement, depassement"
82,"يجب  الجل ادراج مركبه في عداد التحف  ان تكون مزوده باالجهزه املحركه وادوات التعليق 
والحصر والرويه واالناره وان تكون صالحه للسير  وتثبت هذه الصالحيه بشهاده للمراقبه التقنيه",,,,,,,,,obligation,non_classifié,non_défini,,non,non,non,
83,يجب اال تغادر المركبات املدرجه في عداد التحف منطقه تسجيلها واملناطق املجاوره لها,,,,,,,,الباب االول,obligation,défaut_assurance,non_défini,route_nationale,non,non,non,
85,"يراد في مفهوم هذا القانون بما يلي :
تجمع عمراني : فضاء تجتمع فيه مبان ويشار خصيصا الي مداخله ومخارجه  
باحه عامه للتوقف : كل مكان لتوقف المركبات في فضاء محروس او غير محروس مملوك لجماعه 
عموميه ومفتوح في وجه جميع مستعملي الطريق العموميه  
طريق سيار: طريق ذات غرض خاص ال تتقاطع مع غيرها وينفذ منها والي",,,,,,"moto, moto, vehicule_leger, autobus",,الباب الثاني,obligation,"excès_de_vitesse, stationnement, stationnement",non_défini,"autoroute, route_nationale, route_nationale, zone_urbaine",non,oui,non,"vitesse, stationnement, nuit, autoroute"
86,تحدد قواعد السير الواجبات التي علي مستعملي الطريق العموميه التقيد بها,,,,,,,,,obligation,"excès_de_vitesse, dépassement, stationnement, stationnement, conduite_en_état_d_ivresse",non_défini,route_nationale,non,oui,non,"vitesse, stationnement, alcool, depassement"
88,"87 عالوه علي قواعد االستعمال العام واالستعمال الخاص للطريق العموميه املشار اليها في الماده
اعاله  تتعلق قواعد السير علي الطريق السيار خاصه بما يلي :
 شروط ولوج الطريق السيار والخروج منه عبر املسالك املوصله اليه   - 1
  - املستعملون املسموح لهم او املمنوع عليهم السير علي الطريق السيار وعلي مسالك ولوج",,,,,,vehicule_leger,,,definition,"stationnement, stationnement",non_défini,,non,non,non,stationnement
89,"يمكن للسلطه الحكوميه املكلفه بالطرق او للسلطات املحليه او للجماعات الترابيه  كل داخل نطاق 
اختصاصها  ان تسن التدابير الدايمه او املوقته الالزمه لضمان سهوله او سالمه السير او لتفادي 
االتالف غير العادي للطريق العموميه",,,,,,,,,definition,non_classifié,non_défini,,non,non,non,
90,"ترجح االشارات التي يعطيها االعوان املوهلون قانونا لذلك واملنظمون للسير في الطريق العموميه 
علي كل تشوير او اضواء التشوير او قواعد السير",,,,,,,,,definition,non_classifié,non_défini,route_nationale,non,non,non,
92,"يجب علي كل سايق :
 - ان يكون في حاله بدنيه وعقليه تمكنه من سياقه مركبته او حيواناته وفي التحكم فيها باستمرار   1
:  - ان يمتنع عن السياقه خاصه في الحاالت التاليه 2
 - تحت تاثير الكحول او املواد املخدره  
- تاثير االدويه التي تحظر السياقه بعد تناولها والتي تحدد االداره قايمتها  تحت  
- في حاله التعب ",,,,,,,,,obligation,conduite_en_état_d_ivresse,non_défini,route_nationale,non,non,non,alcool
93,يجب علي كل سايق استعمال اجهزه السالمه ولوازمها وفق الشروط املحدده من قبل االداره,,,,,,,,,obligation,non_classifié,non_défini,,non,non,non,
94,"يجب علي كل راجل عند استعماله الطريق العموميه :
- اتخاذ االحتياطات الالزمه لتجنب كل خطر سواء علي نفسه او علي الغير  
- التقيد بقواعد السير الخاصه املتعلقه به واملحدده بهذا القانون والنصوص املتخذه لتطبيقه  
- االمتناع عن كل عمل يمكن ان يلحق ضررا ببييه الطريق",,,,,,,,الباب االول,sanction,défaut_de_permis,non_défini,route_nationale,oui,oui,non,permis
96,من 13  بتاريخ 1,,,,,,,,,definition,"excès_de_vitesse, dépassement, stationnement, défaut_de_permis",non_défini,route_nationale,oui,non,non,"vitesse, stationnement, depassement, permis"
98,"96 و95 يتوقف اثر توقيف او سحب رخصه السياقه املقرر من قبل االداره وفقا الحكام املواد
 اعاله  كيفما كانت مدته  بعد اي قرار بالحفظ تصدره النيابه العامه او اذا اصبح قابال للتنفيذ  97و
ضي به بتوقيف او الغاء رخصه السياقه �ضيء املق �من اجل نفس االفعال  مقرر قضايي حايز لقوه ال  
او بعد صدور اي مقرر قضايي با",,,,,,moto,,الباب الثاني,sanction,"excès_de_vitesse, conduite_en_état_d_ivresse, usage_téléphone, dépassement, stationnement, stationnement, ceinture, casque, défaut_de_permis",non_défini,"autoroute, route_nationale",oui,non,non,"vitesse, stationnement, alcool, telephone, autoroute, casque, depassement, permis"
100,"اعاله  وفي حاله تعدد الجنح املرتكبه في ان واحد من بينها جنحه واحده 99 استثناء من احكام الماده
 اعاله  فان عدد النقط الواجب خصمها من رصيد النقط 99  من الماده 5 و3 و1 من الجنح املشار اليها في
 نقطه علي االكثر  وفي حاله تعدد الجنح االخري املرتكبه في ان واحد فان عدد النقط الواجب 16 يساوي
 نقط علي االكثر",,,,,,,,الباب الثالث,sanction,non_classifié,non_défini,,non,non,non,
101,"اليمكن توقيف المركبات او ايداعها باملحجز اال في الحاالت ووفق الشروط املنصوص عليها في هذا 
القانون",,,,,,,,,definition,non_classifié,non_défini,,non,non,non,
102,"توقيف المركبه هو االمر الذي يصدره العون محرر املحضر  احتياطيا  للسايق بتوقيف مركبته في 
مكان معاينه املخالفه او علي مقربه منه  مع التقيد بالقواعد املتعلقه بالتوقف",,,,,,,,,obligation,"excès_de_vitesse, conduite_en_état_d_ivresse, dépassement, stationnement, défaut_de_permis, défaut_assurance",non_défini,,non,non,non,"vitesse, stationnement, alcool, depassement, permis"
106,"من 20 و19 و18 يتم توقيف المركبه علي النحو التالي  فيما يخص الحاالت املشار اليها في البنود
 اعاله : 103 الماده
 - يجب عند تجاوز عدد الركاب املاذون به في حاله النقل الجماعي لالشخاص  نقل االشخاص 1
  اعاله  وال يمكن السماح للمركبه املوقوفه 104 الزايدين وفق احكام الفقره االخيره من الماده
بمواصله السير ال",,,,,,,,,obligation,"dépassement, stationnement",non_défini,,non,non,non,"stationnement, depassement"
107,"اذا لم يتم انهاء املخالفه التي بررت التوقيف  وقت مغادره العون محرر املحضر ملكان ايقاف 
المركبه  يقوم هذا العون برفع االمر الي االداره التابع لها مع تسليمها شهاده التسجيل او رخصه 
السياقه حسب نوعيه املخالفه",,,,,,,,,obligation,non_classifié,non_défini,,non,non,non,
109,من 13  بتاريخ 1,,,,,,,,,definition,non_classifié,non_défini,,non,non,non,
110,"االيداع في املحجز هو تنقيل مركبه او جزء من مركبه متمفصله موضوع مخالفه  الي مكان يعينه 
العون محرر املحضر او السلطه املختصه  او السلطه القضاييه وحراستها فيه  قصد االحتفاظ بها في 
ذلك املكان طوال املده املقرره  علي نفقه مالكها",,,,,,,,,sanction,"excès_de_vitesse, dépassement, stationnement, défaut_de_permis, défaut_assurance",non_défini,"autoroute, route_nationale",non,non,non,"vitesse, stationnement, autoroute, depassement, permis"
113,"يجب علي العون محرر املحضر  الذي اعد محضر معاينه املخالفه املبرره لاليداع في املحجز  ان 
يحيل االمر علي ضابط الشرطه القضاييه املختص من حيث املكان او علي السلطه التابع لها العون 
املذكور  في الحاالت التي ينص فيها هذا القانون علي االيداع في املحجز",,,,,,,,,obligation,"défaut_de_permis, défaut_assurance",non_défini,,non,non,non,permis
114,"اذا اودع السايق او املالك او املسوول املدني المركبه باملحجز  وجب عليه ان يسلم الي حارس 
املحجز االمر بااليداع  الذي يعده العون محرر املحضر او االداره  ويتسلم من الحارس املذكور 
شهاده بااليداع في املحجز",,,,,,,,,obligation,non_classifié,non_défini,,non,non,non,
115,"ال يمكن اصالح المركبه املودعه في املحجز بسبب سوء حالتها امليكانيكيه التي ال تسمح بالسير وفق 
شروط السالمه العاديه  اال بعد انقضاء مده االيداع",,,,,,,,,definition,non_classifié,non_défini,,non,non,non,
116,"يجب ازاحه المركبه املودعه في املحجز  لعدم توفرها علي وثيقه املراقبه التقنيه او لعدم صالحيه 
هذه االخيره  ونقلها الي اقرب مركز للمراقبه التقنيه  بواسطه مركبه مرخص لها  الخضاعها الي 
املراقبه التقنيه",,,,,,,,,obligation,non_classifié,non_défini,,non,non,non,
117,يتحمل مالك المركبه او املسوول املدني عنها مصاريف االزاحه والحراسه في املحجز والخبره,,,,,,,,الباب الرابع,sanction,non_classifié,non_défini,,non,non,non,
119,"كل مالك مركبه اجنبيه  التتوفر علي رقم تسجيل مغربي  يقوم بعمليه النقل بين نقطتين داخل 
التراب املغربي  دون ترخيص خاص مسلم من قبل مصالح السلطه الحكوميه املكلفه بالنقل  يعاقب 
) درهم عن كل طن من الوزن االجمالي للمركبه محمله",,,,,,,,الباب الخامس,sanction,non_classifié,non_défini,,non,non,non,
120,"تحدث جذاذيتان اداريتان تتعلق االولي برخص السياقه والثانيه بالمركبات  تسميان تباعا 
 تسجل فيهما تلقاييا املعطيات »الجذاذيه الوطنيه للمركبه« و»الجذاذيه الوطنيه لرخصه السياقه«",,,,,,,,,definition,défaut_de_permis,non_défini,,non,non,non,permis
122,"تختص السلطه الحكوميه املكلفه بالنقل او املوظفون املنتدبون من لدنها لهذا الغرض  واملنشوره 
قايمتهم في الجريده الرسميه  وحدهم باصدار االمر او القيام او العمل علي القيام  تحت مسووليتهم  
بتسجيل املعطيات املنصوص عليها في هذا القانون وتصحيحها وتحيينها وكذا باخبار االشخاص 
املعنيين بالتسجيل املذكور و ببحث",,,,,,,,,definition,non_classifié,non_défini,,non,non,non,
123,"يجب علي السلطه املختصه  عندما تتلقي املعطيات الواجب تسجيلها  ان تخبر بذلك االشخاص 
املعنيين  مع بيان حقهم في االطالع والتصحيح املخول لهم بموجب هذا القانون وكيفيات ممارسه 
هذا الحق",,,,,,,,,obligation,non_classifié,non_défini,,non,non,non,
125,"يلزم االشخاص املكلفون  باي صفه من الصفات  بمسك الجذاذيتين بكتمان السر املنهي  وفقا 
 من القانون الجنايي وتحت طايله العقوبات املقرره فيه",,,,,,,,,sanction,non_classifié,non_défini,,non,non,non,
127,") 2000( بصرف النظر عن العقوبه االشد  يعاقب بالحبس من شهر الي سته اشهر وبغرامه من الفين
) درهم او باحدي هاتين العقوبتين فقط  علي كل انتحال السم او صفه قصد 5000( الي خمسه االف
الحصول علي كشف للبيانات املسجله واملتعلقه باحد االغيار",,,,,,,,,sanction,défaut_de_permis,non_défini,,oui,non,non,permis
130,"يحق لصاحب رخصه السياقه االطالع علي الكشف الكامل للبيانات املتعلقه به وتسلم نسخه منه 
بطلب منه",,,,,,,,,definition,défaut_de_permis,non_défini,,non,non,non,permis
131,"يسلم كشف البيانات الشخصيه املتعلقه برخصه السياقه  الي السلطات التاليه  بناء علي طلبها :
 السلطات القضاييه   - 1
 - ضباط الشرطه القضاييه املكلفون بتنفيذ امر قضايي او العاملون في اطار بحث قضايي   2
 - السلطات االداريه املختصه  للبت في توقيف رخصه السياقه او سحبها او وضع تقييدات علي صالحيتها   3
 - مصال",,,,,,,,,definition,"défaut_de_permis, conduite_en_état_d_ivresse",non_défini,route_nationale,oui,non,non,"alcool, permis"
133,"اعاله ووفق الشروط والكيفيات 122 تقوم السلطات املختصه او تعمل علي القيام  طبقا الحكام الماده
التي تحددها االداره  بتسجيل املعطيات املتعلقه بالمركبات في الجذاذيه الوطنيه للمركبه  خاصه منها :
 - املعلومات املتعلقه بهويه املالك وعنوانه ورقم بطاقته الوطنيه وجنسيته ومهنته وعند االقتضاء  1
رقم التسجيل في ا",,,,,,,,الباب السادس,obligation,défaut_assurance,non_défini,route_nationale,non,non,non,
138,"تحدد علي النحو التالي انواع املخالفات الحكام هذا القانون وللنصوص الصادره لتطبيقه :
- الجنح  
- املخالفات من الدرجه االولي  
- املخالفات من الدرجه الثانيه  
- املخالفات من الدرجه الثالثه",,,,,,,,,definition,non_classifié,non_défini,,non,non,non,
139,"من القانون الجنايي  تعتبر الغرامات املنصوص عليها في هذا القانون 18 استثناء من احكام الفصل
للمعاقبه علي املخالفات الحكامه والحكام النصوص الصادره لتطبيقه",,,,,,,,,sanction,non_classifié,non_défini,,non,non,non,
141,"اذا ارتكبت مخالفه الحكام هذا القانون والنصوص الصادره لتطبيقه  بواسطه مركبه مسجله في 
اسم شخص ذاتي ولم يتم التعرف علي هويه السايق اثناء معاينه املخالفه  او تعذر التعرف عليه فيما 
بعد وكانت العقوبه املنصوص عليها هي الغرامه  اعتبرت هذه املخالفه كما لو ارتكبها الشخص املقيد 
اسمه بشهاده تسجيل المركبه",,,,,,,,,sanction,non_classifié,non_défini,,non,non,non,
142,"اذا ارتكبت مخالفه الحكام هذا القانون والنصوص الصادره لتطبيقه  بواسطه مركبه مسجله في 
اسم شخص معنوي  ولم يتم التعرف علي هويه السايق اثناء معاينه املخالفه  او تعذر التعرف عليه 
فيما بعد  يجب علي االشخاص الذاتيين الذين يمثلون الشخص املعنوي الكشف عن هويه السايق 
عند ارتكاب االفعال واذا لم يتمكنوا من ذلك",,,,,,,,,obligation,non_classifié,non_défini,,non,non,non,
143,"يكون مالك المركبه او الشاحن او الناقل للبضايع او لالشخاص عبر الطرق او الوكيل بالعموله 
او املرسل او املرسل اليه او كل مصدر اخر لالمر  الذي احدث او ساهم في احداث وضعيه مسببه 
لضرر  مسووال جناييا  اذا ثبت انه خرق بشكل عمدي احد واجبات االحتياط الخاصه او احد واجبات 
السالمه املنصوص عليها في هذا القانون ",,,,,,,,,sanction,non_classifié,non_défini,,non,non,non,
144,"يكون كل مالك مركبه او حيوانات مسووال عن الغرامات والتعويض عن الضرر واملصاريف التي 
يمكن ان يحكم بها علي تابعه  بموجب هذا القانون  من اجل مخالفه مرتكبه اثناء القيام باملهام التي 
كلفه بها",,,,,,,,,definition,non_classifié,non_défini,,non,non,non,
145,"عندما يحرر اكثر من محضر لسايق بشان مخالفه تتعلق بعيوب ميكانيكيه في المركبه او في معداتها  
ماعدا العيوب املتعلقه باجهزه السالمه  فال يجوز معاقبته اال مره واحده من اجل ارتكاب نفس 
) ساعه الفاصل بين املعاينه االولي واملعاينه االخيره للمخالفه",,,,,,,,,definition,non_classifié,non_défini,,non,non,non,
146,"من القانون الجنايي  عندما تتم معاينه عده مخالفات ضد نفس 121 استثناء من احكام الفصل
الشخص  تضم العقوبات املاليه املقرره بالنسبه الي كل جنحه وكل مخالفه",,,,,,,,,definition,non_classifié,non_défini,,non,non,non,
147,"ال يمكن نقل ملكيه ايه مركبه  ما لم يقرر القضاء خالف ذلك  او تحصيل الضريبه الخصوصيه 
السنويه علي السيارات او الرسم علي محور املحرك اال بعد اثبات اداء الغرامات الصادر في شانها علي 
املالك مقرر قابل للتنفيذ من اجل مخالفه الحكام هذا القانون وللنصوص الصادره لتطبيقه",,,,,,,,الباب الثاني,definition,défaut_de_permis,non_défini,,non,non,non,permis
148,"بعده  يعاقب بغرامه من الفين 149 دون االخالل بالعقوبات االشد ومع مراعاه احكام الماده
) درهم  كل شخص : 4",,,,,,"vehicule_agricole, vehicule_forestier",,,sanction,défaut_de_permis,non_défini,route_nationale,non,non,non,permis
149,"اعاله  توقف المركبه في مكانها الي ان يقوم بسياقتها سايق 148 في الحاالت املشار اليها في الماده
حاصل علي رخصه سياقه من نفس صنف المركبه يقترحه املخالف او  عند االقتضاء  مالك المركبه 
او حايزها",,,,,,,,,definition,stationnement,non_défini,,non,non,non,stationnement
150,"من القانون الجنايي ودون االخالل بالعقوبات 361 في ماعدا الحاالت املنصوص عليها في الفصل
) الي 5",,,,,,,,,sanction,défaut_de_permis,non_défini,,non,non,non,permis
152,) درهم  كل شخص صدر في حقه 8,,,,,,,,,sanction,défaut_de_permis,non_défini,,oui,non,non,permis
153,"اعاله  قد صدر في حقه مقرر 152 اذا كان املخالف وقت ارتكابه احدي املخالفات املنصوص عليها في الماده
ضي به بتوقيف رخصه السياقه  فعلي املحكمه املختصه تحويل توقيف �ضيء املق�قضايي حايز لقوه ال
الرخصه الي الغاء  مع املنع من التقدم المتحان الحصول علي رخصه سياقه جديده خالل مده تتراوح 
ضي به",,,,,,,,,sanction,défaut_de_permis,non_défini,,oui,non,non,permis
155,من شوال 13  بتاريخ 1,,,,,,,,,sanction,"stationnement, défaut_de_permis",non_défini,,non,non,non,"stationnement, permis"
156,) درهم عن كل مركبه  كل 30,,,,,,,,,sanction,non_classifié,non_défini,,non,non,non,
157,) درهم  كل صانع مركبات او 30,,,,,,,,,sanction,stationnement,non_défini,,non,non,non,stationnement
158,"يعاقب علي اعاده استخدام كل مركبه خاضعه للتسجيل اصيبت باضرار خطيره دون تقديم تقرير 
خبره بشانها ودون املصادقه عليها بغرامه :
) درهم بالنسبه للمركبات التي يقل وزنها 30",,,,,,,,,sanction,non_classifié,non_défini,route_nationale,non,non,non,
163,) درهم عن عدم تقديم التصريح 5,,,,,,,,,sanction,non_classifié,non_défini,,non,non,non,
164,) الي اثني 5,,,,,,,,,sanction,excès_de_vitesse,non_défini,,non,non,non,vitesse
165,"يمنع وضع او تكييف او استعمال او تركيب اله او جهاز او ماده معده اما لكشف وجود اداه مستعمله 
ملعاينه املخالفات الحكام هذا القانون والنصوص الصادره لتطبيقه واما لالخالل بسير تلك االداه",,,,,,,,,sanction,non_classifié,non_défini,,non,non,non,
166,) 10,,,,,,,,,sanction,"excès_de_vitesse, conduite_en_état_d_ivresse, dépassement, stationnement, stationnement, défaut_de_permis, conduite_en_état_d_ivresse, conduite_sous_stupéfiants",non_défini,"route_nationale, zone_urbaine",oui,non,non,"vitesse, stationnement, alcool, depassement, permis"
167,من 13  بتاريخ 1,,,,,,,,,sanction,"excès_de_vitesse, conduite_en_état_d_ivresse, dépassement, stationnement, stationnement, défaut_de_permis, conduite_en_état_d_ivresse, conduite_sous_stupéfiants",non_défini,zone_urbaine,oui,non,non,"vitesse, stationnement, alcool, depassement, permis"
168,من شوال 13  بتاريخ 1,,,,,,,,,definition,défaut_de_permis,non_défini,,oui,non,non,permis
169,من شوال 13  بتاريخ 1,,,,,,,,,sanction,"excès_de_vitesse, conduite_en_état_d_ivresse, dépassement, stationnement, stationnement, défaut_de_permis, conduite_en_état_d_ivresse, conduite_sous_stupéfiants",non_défini,zone_urbaine,oui,non,non,"vitesse, stationnement, alcool, depassement, permis"
170,"اعاله ملا يلي : 169 يتعرض مرتكبو املخالفات املنصوص عليها في الماده
 - توقيف رخصه السياقه ملده ثالثه اشهر الي سنه   1
  اعاله  الغاء رخصه السياقه مع املنع 169  - في الحاالت املنصوص عليها في الفقره الثانيه من الماده 2
من اجتياز امتحان الحصول علي رخصه جديده  خالل مده سنه الي سنتين  
 - الزاميه الخضوع  ",,,,,,,,,sanction,"excès_de_vitesse, conduite_en_état_d_ivresse, dépassement, stationnement, stationnement, défaut_de_permis, conduite_en_état_d_ivresse, conduite_sous_stupéfiants",non_défini,zone_urbaine,oui,non,non,"vitesse, stationnement, alcool, depassement, permis"
174,"يجب علي االداره  في حاله عدم توصلها بنسخه من الحكم بتوقيف رخصه السياقه  ان ترجع الرخصه 
 اعاله",,,,,,,,,obligation,défaut_de_permis,non_défini,,oui,non,non,permis
175,) درهم وبتوقيف رخصه السياقه 8,,,,,,,,,sanction,"excès_de_vitesse, dépassement, défaut_de_permis",non_défini,autoroute,oui,non,non,"vitesse, autoroute, depassement, permis"
177,"املقيد في شهاده التسجيل  بما يعاقب مالك المركبه عن تجاوز الوزن االجمالي املاذون به للمركبه محمله
) درهم عن كل طن من الحموله الزايده",,,,,,,,,sanction,dépassement,non_défini,,non,non,non,depassement
178,"دون االخالل بالعقوبات االشد  يعاقب عن تجاوز الوزن املاذون به عند املرور باحدي منشات 
)4",,,,,,,,,sanction,"dépassement, défaut_de_permis",non_défini,,oui,non,non,"depassement, permis"
179,"يمنع القيام في الطرق السياره واملسالك املوصله اليها بسباقات المركبات ذات محرك او التظاهرات 
الرياضيه االخري ايا كان اسمها",,,,,,vehicule_leger,,,sanction,non_classifié,non_défini,route_nationale,non,non,non,
180,يمنع القيام في الطرق السياره واملسالك املوصله اليها بسباقات الراجلين او الدراجات,,,,,,vehicule_leger,,,sanction,"stationnement, défaut_de_permis",non_défini,route_nationale,oui,oui,non,"stationnement, permis"
183,الصادر بتنفيذه الظهري الرشيف 116,,,,,,,,الباب الثالث,sanction,"conduite_en_état_d_ivresse, défaut_de_permis, conduite_en_état_d_ivresse",non_défini,,oui,non,non,"alcool, permis"
184,من 13  بتاريخ 1,,,,,,vehicule_leger,,,sanction,"excès_de_vitesse, dépassement, stationnement, stationnement, ceinture, défaut_de_permis",non_défini,route_nationale,non,oui,non,"vitesse, stationnement, depassement, permis"
185,من 13  بتاريخ 1,,,,,,"moto, vehicule_leger",,,sanction,"excès_de_vitesse, usage_téléphone, dépassement, stationnement, stationnement, ceinture, défaut_de_permis",non_défini,autoroute,non,oui,non,"vitesse, stationnement, telephone, autoroute, depassement, permis"
186,من 13  بتاريخ 1,,,,,,,,,sanction,non_classifié,non_défini,,non,non,non,
187,") درهما عن كل مخالفه لقواعد السير املقرره 50( ) الي خمسين 20( يعاقب بغرامه من عشرين
 اعاله",,,,,,,,,sanction,non_classifié,non_défini,,non,non,non,
188,") درهم : 600( ) الي ستمايه 300( يعاقب بغرامه من ثالثمايه
 - كل سايق او حارس لقطعان او حيوانات ترك قطعانه او حيواناته في الطريق العموميه  او سمح 1
 لها بالتجول او الرعي فيها  ومالك القطعان او الحيوانات في حاله نقص ملحوظ في حراسه القطعان
والحيوانات املذكوره   
 - كل سايق ال يسوق بعنايه الحيوانات املتن",,,,,,,,,sanction,non_classifié,non_défini,route_nationale,non,non,non,
189,"ال يعاقب علي عدم وجود او عدم كفايه اضواء المركبات  املنصوص عليها في هذا القانون وفي 
النصوص الصادره لتطبيقه  اذا ثبت ان عدم وجودها او عدم كفايتها ناتج عن سبب عارض طرا خالل 
السير علي الطريق العموميه وان السايق تداركه باناره ارتجاليه كافيه لالشاره الي وجود مركبته",,,,,,,,الباب االول,sanction,non_classifié,non_défini,route_nationale,non,non,non,
190,"عالوه علي ضباط واعوان الشرطه القضاييه  يكلف بالبحث عن املخالفات الحكام هذا القانون 
 والنصوص الصادره لتطبيقه ومعاينتها : 
 - الضباط واالعوان التابعون للدرك امللكي   1
 - الضباط واالعوان التابعون لالمن الوطني   2
  - االعوان املكلفون بمراقبه النقل والسير علي الطرق التابعون للسلطه الحكوميه املكلفه بال",,,,,,,,,definition,non_classifié,non_défini,,non,non,non,
191,من شوال 13  بتاريخ 1,,,,,,,,,definition,défaut_de_permis,non_défini,route_nationale,non,non,non,permis
192,"اعاله  ان يحملوا خالل ممارسه املراقبه علي 190 يجب علي الضباط واالعوان املشار اليهم في الماده
ضي والعايلي للضابط او العون �الطريق العموميه شاره خاصه تظهر علي الخصوص  االسم الشخ
املعني وصفته وصورته ورقمه املنهي",,,,,,,,,obligation,non_classifié,non_défini,route_nationale,non,non,non,nuit
193,"من هذا القانون  علي كل مستعمل 181 يجب  تحت طايله العقوبات املنصوص عليها في الماده
 اعاله والذين يستوفون 190 للطريق العموميه االمتثال الوامر الضباط واالعوان املشار اليهم في الماده
 اعاله",,,,,,,,,obligation,non_classifié,non_défini,,non,non,non,
194,"يجب علي العون محرر املحضر  الجل معاينه مخالفه الحكام هذا القانون وللنصوص الصادره 
لتطبيقه : 
 - ايقاف المركبه املعنيه   1
 - طلب مستندات السير الخاصه بالسايق وبالمركبه   2
 - مراقبه حاله المركبه   3
  - استعمال احد اجهزه القياس التي تحددها االداره الثبات املخالفه في الحاالت املنصوص عليها في 4
هذا ال",,,,,,,,,obligation,"excès_de_vitesse, dépassement, défaut_de_permis",non_défini,,non,non,non,"vitesse, depassement, permis"
197,"يمكن ان تتم معاينه واثبات املخالفات الحكام هذا القانون والنصوص الصادره لتطبيقه املتعلقه 
بتجاوز السرعه املسموح بها وتلك املحدده قايمتها من لدن االداره  باستعمال اجهزه تقنيه  تعمل 
بطريقه اليه  حتي في حاله عدم وجود العون محرر املحضر بمكان املخالفه",,,,,,,,,definition,"excès_de_vitesse, dépassement",non_défini,,non,non,non,"vitesse, depassement"
198,من شوال 13  بتاريخ 1,,,,,,,,,sanction,non_classifié,non_défini,,non,non,non,
199,"اعاله خصوصا الي ما يلي: 198 تهدف املعالجه االليه للمعلومات املشار اليها في الماده
 - مراقبه ومعاينه املخالفات الحكام هذا القانون والنصوص الصادره لتطبيقه   1
 - تدبير العمليات الالزمه ملعالجه املخالفات من اجل تبليغها الي املخالفين   2
 - تسهيل تدبير شكايات املخالفين   3
 - تسهيل قيام املصالح املختصه ",,,,,,,,,definition,défaut_assurance,non_défini,,non,non,non,
200,من 13   بتاريخ 1,,,,,,,,,sanction,"excès_de_vitesse, dépassement",non_défini,,non,non,non,"vitesse, nuit, depassement"
202,"يوثق بمضمن محاضر املخالفات التي ترتكز معاينتها علي ادله ماديه تقدمها اجهزه تعمل بطريقه 
اليه  مع عدم وجود العون محرر املحضر في مكان ارتكاب املخالفه  الي ان يثبت ما يخالف مضمن هذه 
املحاضر بايه وسيله من وسايل االثبات",,,,,,,,,definition,non_classifié,non_défini,,non,non,non,
203,"اذا تعذر التعرف علي مكان الشخص صاحب شهاده تسجيل المركبه  او في حاله رفض املعني باالمر 
تلقي التبليغ باالشعار باملخالفه او في حاله عدم اداء الغرامه التصالحيه والجزافيه  يوجه محضر 
املخالفه الي وكيل امللك لدي املحكمه املختصه",,,,,,,,,sanction,non_classifié,non_défini,,non,non,non,
204,"تسلم وفقا للكيفيات املحدده من لدن االداره الي املخالف او الي صاحب شهاده تسجيل المركبه او 
الي املسوول املدني عنها وبطلب صريح منه  نسخه من صوره املخالفه  التي التقطتها اجهزه املراقبه 
 اعاله",,,,,,,,,sanction,non_classifié,non_défini,,non,non,non,
206,") يوما الي االداره  لتتبع املعلومات 15( يجب ان توجه نسخ من املحاضر داخل اجل خمسه عشر
 من هذا القانون",,,,,,,,,obligation,conduite_en_état_d_ivresse,non_défini,,non,non,non,alcool
207,"يمكن لضباط الشرطه القضاييه  اما بتعليمات من وكيل امللك واما بمبادره منهم  ويمكن لالعوان 
محرري املحاضر  بامر من ضباط الشرطه القضاييه وتحت مسووليتهم  ان يفرضوا رايزا للنفس 
بواسطه النفخ في جهاز للكشف عن مستوي تشبع الهواء املنبعث من الفم بالكحول : 
 - علي كل من يفترض انه ارتكب حادثه سير او اشترك في حد",,,,,,,,,definition,"conduite_en_état_d_ivresse, conduite_en_état_d_ivresse",non_défini,route_nationale,non,non,non,alcool
208,"اعاله من افتراض وجود نسبه من الكحول في نفس املعني 207 اذا مكن الرايز املشار اليه في الماده
باالمر  تحددها االداره  او اذا رفض املعني باالمر الخضوع للرايز املذكور  قام ضباط او اعوان 
الشرطه القضاييه بالتحققات الهادفه الي اثبات الحاله الكحوليه لدي املعني باالمر",,,,,,,,,definition,conduite_en_état_d_ivresse,non_défini,,non,non,non,"alcool, nuit"
210,"اذا انجزت التحققات عن طريق التحاليل والفحوصات الطبيه السيرريه والبيولوجيه  وجب 
االحتفاظ بعينه وفقا للنصوص الجاري بها العمل",,,,,,,,,definition,non_classifié,non_défini,,non,non,non,nuit
211,"اذا انجزت التحققات املذكوره بواسطه جهاز يمكن من تحديد تركز الكحول  من خالل تحليل 
الهواء املنبعث من الفم  جاز القيام علي الفور بمراقبه ثانيه  بعد التحقق من حسن اشتغال الجهاز",,,,,,,,,definition,conduite_en_état_d_ivresse,non_défini,,non,non,non,"alcool, nuit"
212,"اعاله  نتيجه لعجز بدني مثبت من لدن طبيب  207 اذا استحال الخضوع للرايز املشار اليه في الماده
قام ضباط او اعوان الشرطه القضاييه  بالتحققات الهادفه الي اثبات الحاله الكحوليه بواسطه 
التحاليل والفحوصات الطبيه السيرريه والبيولوجيه",,,,,,,,,definition,"conduite_en_état_d_ivresse, conduite_sous_stupéfiants",non_défini,,non,non,non,"alcool, nuit"
214,"اذا تبين ان اختبارات الكشف ايجابيه  او اذا رفض املعني باالمر الخضوع لالختبارات املذكوره  
او اذا كان في حاله يستحيل عليه فيها الخضوع لها  عمل ضباط او اعوان الشرطه القضاييه علي 
اجراء تحققات تتمثل في تحاليل او فحوص طبيه سريريه وبيولوجيه  الثبات ما اذا كان الشخص 
املعني قد تناول مواد مخدره او ادويه تح",,,,,,,,,definition,conduite_sous_stupéfiants,non_défini,,non,non,non,nuit
215,"3 و2 يجب الجل القيام باالختبارات والتحاليل والفحوص املنصوص عليها في القسمين الفرعيين
اعاله  ان يكون االجل الفاصل بين ساعه وقوع الحادثه او ساعه ارتكاب املخالفه او ساعه مراقبه 
املعني باالمر وساعه االختبارات والتحاليل والفحوص املذكوره اقصر ما يمكن في نفس اليوم",,,,,,,,الباب الثاني,obligation,défaut_de_permis,non_défini,,non,non,non,"nuit, permis"
216,من13  بتاريخ 1,,,,,,,,الباب الثالث,obligation,"stationnement, défaut_de_permis",non_défini,,oui,non,non,"stationnement, permis"
219,من 13  بتاريخ 1,,,,,,,,,sanction,non_classifié,non_défini,,non,non,non,
222,من 13  بتاريخ 1,,,,,,,,,sanction,non_classifié,non_défini,,non,non,non,
223,"يتم االداء الفوري للغرامه  بصفه نهاييه او برسم االيداع  كما يلي:
 - نقدا   1
 - بواسطه شيك   2",,,,,,,,,sanction,non_classifié,non_défini,,non,non,non,
224,من 13  بتاريخ 1,,,,,,,,,sanction,défaut_de_permis,non_défini,,non,non,non,permis
225,"يجب علي العون محرر املحضر  اذا كان الحامل املحرره فيه رخصه السياقه قابال الن تسجل عليه 
املعلومات في شكل الكتروني  وكان العون يتوفر علي الجهاز الالزم لذلك  ان يسجل علي هذا الحامل 
املعلومات املتعلقه باملخالفه",,,,,,,,,sanction,"stationnement, défaut_de_permis",non_défini,,oui,non,non,"stationnement, permis"
229,"اعاله  اذا كان حامل رخصه السياقه يمكن من تسجيل املعلومات 228 استثناء من احكام الماده
في شكل الكتروني  فان املعلومات املتعلقه باالحتفاظ برخصه السياقه واالذن بالسياقه وتوقيف 
رخصه السياقه املشار اليها في الماده املذكوره  يتم تسجيلها علي هذا الحامل  ويصبح االحتفاظ 
برخصه السياقه عنديذ غير ذي موضوع",,,,,,,,,definition,défaut_de_permis,non_défini,,oui,non,non,permis
231,من 13  بتاريخ 1,,,,,,,,,sanction,"dépassement, défaut_de_permis",non_défini,,non,non,non,"depassement, permis"
233,"اعاله مرفقا باالثباتات املتعلقه باملعاينه االليه 232 يجب ان يكون املحضر املشار اليه في الماده
وبرخصه السياقه في حاله االحتفاظ بها",,,,,,,,,obligation,défaut_de_permis,non_défini,,non,non,non,permis
234,"ضي للغرامه املحدده في �يجوز للمخالف  قبل ان تبت املحكمه في املوضوع  ان يودي ثلثي الحد االق
 اعاله وان يسحب شكايته",,,,,,,,الباب الرابع,sanction,non_classifié,non_défini,,non,non,non,
236,"في حاله حفظ املحاضر من قبل النيابه العامه  او في حاله صدور مقرر بعدم املتابعه او باالدانه 
او اي مقرر يبت في موضوع قضيه عرضت علي محكمه  تنفيذا الحكام هذا القانون او للنصوص 
الصادره لتطبيقه  يوجه وكيل امللك علي الفور  الي االداره نسخه من محضر املخالفه ومنطوق 
القرار بعدم املتابعه او املقرر الصادر عن ",,,,,,,,,definition,non_classifié,non_défini,,non,non,non,
237,"توجه النيابه العامه نسخا من املقررات او منطوقا لالحكام  الصادره تنفيذا الحكام هذا القانون 
ضي به  الي االداره داخل اجل اقصاه �ضيء املق�او للنصوص الصادره لتطبيقه  التي حازت قوه ال 
)يوما من تاريخ صدور املقرر",,,,,,,,,definition,non_classifié,non_défini,,non,non,non,
238,"ما عدا في حاله االداء الفوري لغرامه تصالحيه وجزافيه او في حاله االيداع املنصوص عليه في 
 اعاله  اذا لم يثبت مرتكب املخالفه توفره علي اقامه فوق التراب الوطني  يتم توقيف 231 الماده
المركبه التي ارتكبت بها املخالفه الي ان يودع مرتكب املخالفه مبلغا يحدده وكيل امللك  لدي كتابات 
الضبط بجميع محاكم اململكه",,,,,,,,الباب االول,sanction,non_classifié,non_défini,route_nationale,non,non,non,
239,"ال يمكن ان يلقن تعليم السياقه او التربيه علي السالمه الطرقيه  اال من قبل موسسه يتوقف 
فتحها واستغاللها  علي رخصه تسلمها االداره لهذا الغرض",,,,,,,,,obligation,stationnement,non_défini,,non,non,non,stationnement
240,"تسلم الرخصه بفتح واستغالل موسسه لتعليم السياقه او موسسه للتربيه علي السالمه الطرقيه 
بمقابل  للمترشحين الذين تتوفر فيهم الشروط التاليه : 
 بالنسبه لالشخاص الذاتيين : ا)  
 - اال تقل سن املترشح عن عشرين سنه شمسيه كامله   1
 - ان يكون متمتعا بحقوقه الوطنيه واملدنيه   2
99
االمانه العامه للحكومه - اال ",,,,,,,,,definition,non_classifié,non_défini,,non,non,non,
241,"يجب ان يتولي تسيير كل موسسه لتعليم السياقه او موسسه للتربيه علي السالمه الطرقيه مدير 
تتوفر فيه الشروط التاليه : 
 - اال تقل سنه احدي وعشرين سنه شمسيه كامله   1
 - ان يكون متمتعا بحقوقه الوطنيه واملدنيه   2
  - اال يكون قد صدر في حقه حكم باالدانه من اجل جنايه او جنحه منافيه لالخالق العامه او تتعلق 3",,,,,,,,,obligation,non_classifié,non_défini,,non,non,non,
242,"يجب علي مدير موسسه تعليم السياقه او مدير موسسه التربيه علي السالمه الطرقيه ان يسهر  
باستمرار  علي حسن التسيير االداري والبيداغوجي للموسسه وفقا الحكام هذا القانون والنصوص 
الصادره لتطبيقه",,,,,,,,,obligation,non_classifié,non_défini,,non,non,non,
243,"يجب ان يكون التعليم امللقن في موسسات تعليم السياقه مطابقا للبرنامج الوطني لتعليم السياقه 
املحدد من لدن االداره",,,,,,,,,obligation,non_classifié,non_défini,,non,non,non,
245,"يجب ان يلقن تعليم السياقه او تنشيط دورات التربيه علي السالمه الطرقيه من قبل مدرب لتعليم 
السياقه  او منشط لدورات التربيه علي السالمه الطرقيه مرخص لهما  من لدن االداره",,,,,,,,,obligation,non_classifié,non_défini,,non,non,non,
246,"يجب علي ارباب ومسيري موسسات تعليم السياقه او التربيه علي السالمه الطرقيه الخضوع 
لعمليات التفتيش التي يقوم بها االعوان او الهييات  املوهله لهذا الغرض من لدن االداره  والتي يراد 
بها التحقق من التقيد باحكام هذا القانون والنصوص الصادره لتطبيقه وببنود دفتر التحمالت املشار 
 اعاله",,,,,,,,,obligation,non_classifié,non_défini,,non,non,non,
248,"يجب علي املتخلي واملتخلي له  في حاله التخلي عن موسسه لتعليم السياقه او للتربيه علي السالمه 
الطرقيه  تقديم تصريح مشترك الي االداره  قبل ابرام عقد التخلي  يلتزم فيه املتخلي له باحترام بنود 
 اعاله",,,,,,,,,obligation,non_classifié,non_défini,,non,non,non,
249,"الطرقيه  في حاله وفاه الحاصل علي رخصه باستغالل موسسه لتعليم السياقه او للتربيه علي السالمه 
) اشهر من تاريخ الوفاه",,,,,,,,,obligation,non_classifié,non_défini,,oui,non,non,
250,"الطرقيه  يجب علي الحاصلين علي رخصه باستغالل موسسه لتعليم السياقه او للتربيه علي السالمه 
قبل توقيف او انهاء نشاطهم  اخبار االداره بذلك  بواسطه رساله مضمونه مع االشعار باالستالم",,,,,,,,,obligation,défaut_de_permis,non_défini,,non,non,non,permis
252,"يجوز للجمعيات التي تزاول نشاطها في مجال االدماج او اعاده االدماج االجتماعي واملنهي تلقين 
التربيه علي السالمه الطرقيه  شريطه الحصول علي رخصه تسلمها االداره  التي تتاكد في هذه الحاله 
 اعاله",,,,,,,,,obligation,non_classifié,non_défini,,non,non,non,
254,"يجب علي الجمعيات املذكوره في الماده السابقه ان تقدم سنويا الي االداره تقريرا عن نشاطها في 
مجال تلقين التربيه علي السالمه الطرقيه وفق الشروط املحدده من لدن االداره",,,,,,,,الباب الثاني,obligation,non_classifié,non_défini,,non,non,non,
255,بتاريخ 1,,,,,,,,,sanction,non_classifié,non_défini,,non,non,non,
256,من شوال 13  بتاريخ 1,,,,,,,,,sanction,stationnement,non_défini,,non,oui,non,stationnement
257,"تسحب رخصه املدرب او املنشط بصفه موقته :
 - اذا اتخذ في حق الحاصل عليها اجراء بتوقيف رخصه السياقه   1
  - اذا كان يعاني عجزا بدنيا موقتا يتنافي مع تعليم سياقه المركبات ذات محرك او مع تنشيط 2",,,,,,,,,definition,défaut_de_permis,non_défini,,oui,non,non,permis
259,) درهم  كل شخص فتح او استغل 60,,,,,,,,,sanction,non_classifié,non_défini,,non,non,non,
260,) درهم  كل حاصل علي 30,,,,,,,,,sanction,non_classifié,non_défini,,non,non,non,
262,) درهم  كل 5,,,,,,,,,sanction,non_classifié,non_défini,,non,non,non,
263,) درهم  كل شخص ذاتي او معنوي 60,,,,,,,,,sanction,non_classifié,non_défini,,non,non,non,
264,) درهم : 10,,,,,,,,,sanction,stationnement,non_défini,,non,non,non,stationnement
265,) درهم  كل شخص زاول مهنه 10,,,,,,,,الباب االول,sanction,non_classifié,non_défini,,non,non,non,
266,"من هذا القانون  االداره او مراكز املراقبه التقنيه 66 تقوم باملراقبه التقنيه املشار اليها في الماده
املرخص لها لهذا الغرض من لدن االداره",,,,,,,,الباب الثاني,definition,non_classifié,non_défini,,non,non,non,
267,الصادر بتنفيذه الظهري الرشيف 116,,,,,,,,,obligation,non_classifié,non_défini,,non,non,non,
268,من 13  بتاريخ 1,,,,,,,,,obligation,non_classifié,non_défini,,non,non,non,
269,"يجب ان يتولي تسيير كل مركز للمراقبه التقنيه شخص تتوفر فيه الشروط التاليه : 
 - اال تقل سنه عن احدي وعشرين سنه شمسيه كامله   1
109
االمانه العامه للحكومه - ان يكون متمتعا بحقوقه الوطنيه واملدنيه   2
  - اال يكون قد صدر في حقه حكم باالدانه من اجل جنايه او من اجل جنحه منافيه لالخالق 3
العامه او تتعلق ب",,,,,,,,,obligation,non_classifié,non_défini,,non,non,non,
270,"يمنع علي مراكز وعلي شبكات مراكز الفحص التقني مزاوله اي نشاط مرتبط باصالح السيارات 
او االتجار فيها",,,,,,,,,definition,non_classifié,non_défini,,non,non,non,
271,"ال تمنح الرخصه بفتح اي مركز للمراقبه التقنيه للعموم اال بعد قيام اعوان االداره بمعاينه مطابقه 
محال وتجهيزات املراقبه التقنيه واملوارد البشريه باملركز املذكور لبنود دفتر التحمالت املشار اليه 
 اعاله",,,,,,,,,obligation,non_classifié,non_défini,,non,non,non,
272,يجب ان يتولي عمليه املراقبه التقنيه عون فاحص مرخص له من قبل االداره,,,,,,,,,obligation,non_classifié,non_défini,,non,non,non,
274,"يجب علي الحاصل علي رخصه بفتح واستغالل مركز او شبكه ملراكز املراقبه التقنيه وعلي الشخص 
 اعاله وعلي مسيري مراكز املراقبه التقنيه واالعوان 273 املشار اليه في الفقره االولي من الماده
الفاحصين الخضوع لعمليات التفتيش التي يقوم بها االعوان او الهيات املوهلون لهذا الغرض من 
لدن االداره  والتي يراد بها التح",,,,,,,,,obligation,non_classifié,non_défini,,non,non,non,
275,"ال يجوز التخلي عن ايه شبكه ملراكز املراقبه التقنيه  اال لفايده شخص معنوي تتوفر فيه الشروط 
 اعاله",,,,,,,,,obligation,non_classifié,non_défini,,non,non,non,
276,"ال يجوز التخلي عن مركز للمراقبه التقنيه اال لفايده شخص معنوي يتوفر علي رخصه باستغالل 
شبكه ملراكز املراقبه التقنيه",,,,,,,,,obligation,non_classifié,non_défini,,non,non,non,
278,"يجب علي الحاصلين علي رخصه باستغالل مركز او شبكه ملراكز املراقبه التقنيه  قبل توقيف او 
انهاء نشاطهم  اخبار االداره بذلك في رساله مضمونه مع اشعار باالستالم",,,,,,,,الباب الثالث,obligation,non_classifié,non_défini,,oui,non,non,
279,بتاريخ 1,,,,,,,,,sanction,stationnement,non_défini,,oui,non,non,stationnement
281,من شوال 13  بتاريخ 1,,,,,,,,,definition,non_classifié,non_défini,,non,non,non,
282,"تسحب نهاييا رخصه العون الفاحص من لدن االداره : 
 - اذا لم يعد الحاصل عليها متوفرا علي الشروط املنصوص عليها في هذا القانون والنصوص 1
الصادره لتطبيقه  
 اعاله وذلك دون االخالل باالحكام 274  - اذا ارتكب اخطاء مهنيه تمت معاينتها وفقا الحكام الماده 2
الجناييه الجاري بها العمل  
114
االمانه العامه للحكومه",,,,,,,,,definition,non_classifié,non_défini,,non,non,non,
283,) درهم  كل شخص فتح او استغل 60,,,,,,,,,sanction,non_classifié,non_défini,,non,non,non,
284,من شوال 13  بتاريخ 1,,,,,,,,,sanction,non_classifié,non_défini,,non,non,non,
285,) درهم  كل حاصل علي رخصه 40,,,,,,,,,sanction,non_classifié,non_défini,,non,non,non,
287,) درهم  كل شخص قام باستغالل 60,,,,,,,,,sanction,non_classifié,non_défini,,non,non,non,
288,) درهم : 5,,,,,,,,,sanction,non_classifié,non_défini,"autoroute, route_nationale",non,non,non,autoroute
291,") 500( دون االخالل بالعقوبات االشد وبالرغم من االحكام املخالفه  يعاقب بغرامه من خمسمايه
 اعاله",,,,,,,,,sanction,non_classifié,non_défini,,non,non,non,
292,) الي 1,,,,,,,,,sanction,non_classifié,non_défini,,non,non,non,
293,"اعاله ودون االخالل بالعقوبه املنصوص عليها في 289  من الماده 9 في حاله خرق احكام البند 
 اعاله  يمكن لالداره املدبره للطريق السيار  او لصاحب االمتياز ان يعمل علي ايداع الحيوانات 184 الماده
التي ترعي في محرم الطريق السيار او في مسلك من املسالك املوصله الي الطريق السيار في املحجز",,,,,,,,,definition,non_classifié,non_défini,,non,non,non,
294,من 17  اعاله  تطبق احكام الفرع السابع من الماده 289  من الماده 10 في حاله خرق احكام البند,,,,,,,,,sanction,stationnement,non_défini,route_nationale,non,non,non,stationnement
296,"يمنع  اال برخصه سابقه تمنحها االداره  القيام بما يلي :
 - اجراء عمليات الحفر في محرم الطريق العموميه   1
  - انجاز تجويفات فيما وراء حدود محرم الطريق العموميه  علي مسافه تقل عن عشره امتار من 2
 حدود هذا املحرم  مع اضافه متر واحد عن كل متر من عمق التجويف  اذا تعلق االمر بتجويف باطني
بابار او بدهاليز ",,,,,,,,,definition,non_classifié,non_défini,route_nationale,non,oui,non,
297,"دون االخالل بالعقوبات االشد وبالرغم من االحكام املخالفه  يعاقب بغرامه من خمسه االف 
 اعاله",,,,,,,,,sanction,non_classifié,non_défini,route_nationale,non,non,non,
299,"4 يوجه الي كل شخص اقدم علي غرس اشجار او اقامه اسيجه دون رخصه  خالفا الحكام البند
 اعاله  انذار الزالتها داخل اجل ثالثين يوما",,,,,,,,,sanction,non_classifié,non_défini,,non,non,non,
300,") 500( دون االخالل بالعقوبات االشد وبالرغم من االحكام املخالفه  يعاقب بغرامه من خمسمايه
 اعاله",,,,,,,,,sanction,non_classifié,non_défini,,non,non,non,
301,"دون االخالل بالعقوبات االشد وبالرغم من االحكام املخالفه  يعاقب بغرامه من ثالثه االف 
 اعاله",,,,,,,,,sanction,non_classifié,non_défini,,non,non,non,
302,"دون االخالل بالعقوبات االشد وبالرغم من االحكام املخالفه  يعاقب بغرامه من مايه الف 
) درهم  كل من ارتكب  بسبب تهوره او عدم احتياطه او عدم 200",,,,,,,,,sanction,non_classifié,non_défini,route_nationale,non,non,non,
303,"اعاله  علي كل شخص معنوي ساهم 302و301 و300 و299 و298 و297 تطبق احكام املواد 
او شارك في ارتكاب االفعال املعاقب عليها في املواد املذكوره",,,,,,,,,definition,non_classifié,non_défini,,non,non,non,
304,من 13  بتاريخ 1,,,,,,,,,sanction,dépassement,non_défini,route_nationale,oui,non,non,depassement
305,"ال تطبق احكام هذا القانون علي السكك الحديديه املمتده علي قراره الطريق العموميه وال علي 
المركبات التي تسير علي قضبان تلك السكك",,,,,,,,,obligation,non_classifié,non_défini,route_nationale,non,non,non,
306,"علي المركبات الخاصه 79  الي70  واملواد من 66 و65 و64  واملواد 51  الي45 ال تطبق احكام املواد من
بالقوات املسلحه امللكيه",,,,,,,,,definition,non_classifié,non_défini,,non,non,non,
307,"من هذا القانون علي رخص السياقه املوقته املحصل 23 ال تطبق احكام الفقره الثانيه من الماده
عليها قبل تاريخ دخول هذا القانون حيز التنفيذ",,,,,,,,,definition,non_classifié,non_défini,,non,non,non,
308,"تعتبر رخصه السياقه النهاييه املسلمه قبل تاريخ دخول هذا القانون حيز التنفيذ رخصه سياقه 
بعد انتهاء الفتره االختباريه وتطبق عليها احكام هذا القانون",,,,,,,,,definition,défaut_de_permis,non_défini,,non,non,non,permis
309,من 13  بتاريخ 1,,,,,,,,,obligation,défaut_de_permis,non_défini,,non,non,non,permis
310,"يجب علي اصحاب المركبات الخاضعه الحكام هذا القانون التقيد باحكامه وبمقتضيات النصوص 
الصادره لتطبيقه داخل اجل تحدده االداره",,,,,,,,,obligation,non_classifié,non_défini,,non,non,non,
311,من 13  بتاريخ 1,,,,,,,,,definition,non_classifié,non_défini,,non,non,non,
314,"يستمر ارباب مراكز الفحص التقني املزاولون نشاطهم في تاريخ نشر هذا القانون في الجريده 
الرسميه  في القيام بالفحص التقني وفق الرخصه املسلمه اليهم ودفتر التحمالت املرفق بها",,,,,,,,,obligation,non_classifié,non_défini,,non,non,non,
316,من 13  بتاريخ 1,,,,,,vehicule_leger,,,definition,non_classifié,non_défini,,non,non,non,
317,"اعاله حيز التنفيذ وكيفيات تطبيقها  وذلك فيما يخص 147 تحدد االداره تاريخ دخول احكام الماده
تحصيل الضريبه الخصوصيه السنويه علي السيارات والرسم علي محور املحرك",,,,,,,,,definition,non_classifié,non_défini,,non,non,non,
318,,,,,,,,"A, A1",,definition,défaut_de_permis,non_défini,,non,non,non,permis
